archive	filename	pages	sha256
202522	20250423WDS自由纠缠律入门3页.pdf	3	e819474869473fe1957b75f4bc5e343720f11aa70fb2eab680c84b434cac394b
202522	20250427《强制普世化真善美与文明意义虚无化的必然性》.pdf	4	5fdc629b8519797461a70fd384b1d59d49462bbb392d03b0d1cb37ad434b85ab
202522	20250428 创造力的原理：意义权重重构、僵死与永动.pdf	4	f37f544ed14fe7831c57b400dac1ef0b4aba0cbf495e7db8ce9d4d13c580bb48
202522	20250429《意义三律：超越内卷、幸福枯竭与文明衰败的终极动力》.pdf	16	180c4316f0d82a3b15d4f4f34126cc27cff3e4c75c3a3ea122a502d3e8721da9
202522	20250501选择的虚幻.pdf	14	a875aa94e79b5f5b96eb3923cb353549b093d988dcc3c08ddd929a1f69f9556c
202522	20250503论大脑学习的复杂性科学机制和当今教学的低效.pdf	4	3da3ce8518c5e8d6ec32f14c2affe5789b9f6634bc040fa076a50e496bae9034
202522	20250505 三律健康学入门：医学哲学范式重构10页.pdf	10	80aba55f4553c171e4a479748d252dc5e121febad63e9b96c26dffc25d98fb79
202522	20250507意义三律与人体三大系统的精准对应关系.pdf	3	540825a366186502b4c0271e64deb966bf4b8f39211d64679213095faf9549f1
202522	20250508 三律健康学的三元本体论结构：意义、系统与模态4页.pdf	4	b4d814d0fbd8d61183a05fb64df15778b9a52dc3c3002dfc9e7b1b824a9b0b9d
202522	20250510文化大革命：社会红斑狼疮疾病.pdf	4	8e97f7d12a854ad3fc8260372fce3b25d00f12af8b25c4e09035f9dbfd0c489c
202522	20250514千古难题之解：知行合一之道.pdf	8	f4bcf2c56e5e773db52f7d0f36295d104014f9422e64a499f74f825a34642627
202522	20250516立德立功立言：三大偶像_枷锁_地狱.pdf	5	5d6f6a2fb1bddbd6184b6b8d02f91a049d1a93282dfa29490b4377a4cfe34916
202522	20250518《三律智慧》宣言.pdf	3	68a7b04734cf7d7aba99812f8431032bb1ae46a42d0426f6578e1a153885d5a9
202522	20250519《和GPT共创：血脂其实不是问题，血管失去差异才是！》.pdf	12	364fd25cb01adfb4ce9892eb607a6d323db0f805483a7b62c677f6e619bb54f5
321互动吧	20240728主客互动技术论：成为高手的奥秘.pdf	4	1124ccff94f281741bb1051d392ddb6d747b0a2d3678b74b5096ff7b65bd6a7b
321互动吧	20240731七剑上苍伦.pdf	7	09160e0feb20848f1c7f5452f8c5b3573de4dade9145ce75ef9aac43e08a0c75
321互动吧	20240816永恒的锁链.pdf	7	cbad110debeb2b59c7c2cf235c15a8f8bbc3d88cb81dffeff182132d3518f0c4
321互动吧	20240817SIO自由确定性原理：神学、科学、哲学的灯.pdf	13	d24bd7aea9c24e9360ee5b1b4d8748941b5d2a85eabdb8865a1561fcc3951ba8
321互动吧	20240930认识能量、时间和空间.pdf	13	e99ba9ec2393b44679b6457dca296230dba9353044f4f409923d8044d5efbe63
321互动吧	20241026中国经济的’三苦‘急救包.pdf	9	4b644e4708904b6c8aa13574c07752153570e287da762d4adba6a1182779394f
321互动吧	20250206SIO三态本体论的价值和意义 25页.pdf	25	9f511c06b5009ce8692435fd21ef50965e2a6f4e2884149f266f3c0d5f674992
321互动吧	20250304感知机：人类创造智慧的首次完美模拟.pdf	3	9d3ba51b9bdea6ee1164b950aaec18f829a9dfc1881734781b27d5a1f7859cfb
321互动吧	20250305 创造力的革命.pdf	3	db4bf3bd74c077b79c8baa0636c37fb6a0f3fae8242b2bd46d780654a319a9b7
321互动吧	20250306在冥想和催眠中见 SIO本体真相.pdf	4	5443492e8513029712675d141cff9d71751508eb70e5c773687cf835315d09df
321互动吧	20250307SIO创造力三态逻辑：形式_冥想_催眠.pdf	3	19ed57446defdceab5692f4b78e37d8e25a21d6a51121e78bead7ed9bdeec6f4
321互动吧	20250309尼采的‘视角’与’蒙骗‘.pdf	7	7a455d814dd85317dd342e01f7d236fb8d17c45d46f3970fd45ced05e493045a
321互动吧	20250310大语言模型的创造力涌现：新质生产力的典范.pdf	9	d688ce5abf7d40ea07e09b671d260efd1dfd5e434034602d27e35cc2006b437a
321互动吧	20250311家在哪儿？.pdf	4	ef1116f2ab5dc9ddfbc9e60bcd9404c51a4ce7e9831fd9cd847aa2f686e04532
321互动吧	20250429意义虚空中的代表幻影：对集体主义的反思.pdf	3	664a081569d44df0e2e963d0f00ccce04bf90ce1a4d81382674cb2271eca2790
321互动吧	20250505 AI时代，人类文明的驱动力是什么？.pdf	3	8b425fb7e2892e06c17dd362015ae8a4d51ac47c7cb6db5704fdaffc4b59157f
321互动吧	20250521三高治疗的真相：指标正常，却逐步杀死身体的三大机能.pdf	7	f3ea45b2d5dd55749ef44b9dcd297afd46788c4ba2d7a539ec9c591a6892fa5a
321互动吧	20250522高血压翻案：不是元凶，而是最后的求救信号.pdf	26	83391725a299ce9c49c873b526e1de872cc9b23a8640ba3735648df33876e900
321互动吧	20250523“癌基因”是个谎言：从意义三律解构分子医学语言霸权》.pdf	7	1830a113273af1a6bc32efef479613842c6da7a7992db52f14a1e0e86fec1116
321互动吧	20250524从秦王朝的快速灭亡揭开放疗_化疗的谎言.pdf	3	63e0417759193fb65cb963556d46a37575e04b616d7329890640210e467039ad
321互动吧	20250525靶向治疗与分子极权主义.pdf	4	eba33de57461a83f49f3d7d208cc8ae6ab6f609052efcd3b7ab84a27eb995be3
321互动吧	20250527 神学的三律重生 23页.pdf	23	d0b97586a01fca25f42d0b89d1de44d024f1513b106c6172f98248110d955b71
321互动吧	20250531WDS三律深度逆癌法第一原理：给癌细胞建立“监狱”.pdf	11	741945911ed1757203854e6689bb279de50f2ce71bb3c02b8a9061c3ef25b126
321互动吧	20250601《肿瘤治疗中的三律破坏悖论：为什么越治疗越转移？》.pdf	11	6de0d303fabf4bc2e30a08fcb93d3d784196ffe19a757110334202b87313144e
321互动吧	20250602 三律医学的 WDS 幸福律入门13页.pdf	13	64211b56169d663532e49c6b43117a283a02e143d0035466746ca2e13612b6d2
321互动吧	20250603互动医学：三律医学的核心（上）.pdf	44	98d0d57a0614ef76ee52b307598399ebcb14c3f29d4e452949748e25ea4ca483
321互动吧	20250604互动医学：三律医学的核心(中）.pdf	43	a0646347fc3d85e9decabbcffc6df4510a290366d6674928bae0ef33bd977fa8
321互动吧	20250613创造力诅咒与其破解.pdf	19	9c0f6b1d623e8bbb6a01af3867700a482938455693de15b0a62a37c48fdb36b0
321互动吧	20250614良心：统治者的三律操纵工具3页.pdf	3	8273c2e3b2813a5bcf05517255725caa30ea4eb86f1ab49555201fda514343db
321互动吧	20250615顶峰回归——黄瓜落蔓启示下的科研重生.pdf	4	f80f7885eb6adc5099b13585010565fd608f5bb9164dcb9febd2659ff9b2b5a3
321互动吧	20250619三律健康跑步法.pdf	5	e138f65f964062e01d26d7baa797f96f355dd32ff54f7908693db94cd811c682
321互动吧	20250620 耶稣是混沌、张力与纠缠的三合一 4页.pdf	4	dec825cdda8808616228fcb41beacb3819575c83fbf73df92bef81ce9f8e4ad5
321互动吧	20250621《王博士是如何与我一起共创新思想的？》.pdf	5	748e4629c16953f14349c9c5f908689265b511a0f25d572bd7b23f12b2aa4c7d
321互动吧	20250622治疗抑郁症从“神经弹性”修复开始.pdf	4	6d1e8e7dce5d3cceba02a2343715284e9948046ff14a07b03fc74bf7f1c4093f
321互动吧	20250625 创造力超越形式逻辑能力4页.pdf	4	b749b76f6c7953f912996a48b5ab5306f2263e67729ad52d0927f4f99235a01c
321互动吧	20250627《复古主义与生成主义的根本分野：一场关于传统的终极对话》.pdf	4	a70f862e108b0a19633e3deb3c43652352dc85e5fc3ba90d36eef768e8e978ce
321互动吧	20250628 蜜糖的故事.pdf	3	16a06e37881db6404a36ab9cb0daf96d58ee36d10f67309522d2e81702f9ae7e
321互动吧	20250630《生成文明：SIO三律时代的知识革命》53页.pdf	53	bfe5c491a25b55eed338c7b2281e58d00692563f6b0538a2ff32c6927870ad8b
321互动吧	20250717与米哈利对话创造力.pdf	42	52da7cb7f805d4716b04e90ed543d7b2d2401d11d1b5a823bac538d1408b58c6
321互动吧	20250722从发生学论婚姻的智慧 53页.pdf	53	c8ad3988d9372a59b99ace216b0464d7c1e18fa35cd87a58d2b514a7eef1200e
321互动吧	20250728艺术的发生：与东西方艺术哲学的对话.pdf	32	0953806ebc61a3e1aada115431c6a04aa091f57e7132596e1f1b0ea189557dfb
321互动吧	20250729《音乐艺术的幸福律解构：三大文明的张力、节奏与存在之路》.pdf	16	e547b9bf858b5addfe8b389493a069511b8dccede1d87e17c83cb45ca05fcb44
321互动吧	20250730《SIO本体论：存在的发生学革命》.pdf	40	4dbe6b4135fdb0789028919218eec1059f4ca9fa6ae39948e76559fdc0d42dab
321互动吧	20250731《ΔSIO差异哲学与三律智慧论：让发生学落地生根》.pdf	34	45658e35174e49f268cb1180d6420b49d7a2254d2380f057353ad41eba108848
321互动吧	20250804GPT时代一切教育范式的终结与重建 28页.pdf	28	9eec88ad04fd34b23cd5cdc43c45cac1d29e36422695c7b2b5eb8b0efcb013e8
321互动吧	20250805基于GPT的大学科研典范重生 321互动吧 39页.pdf	39	4d69aa7e92ab8d83115da65f798357c31abe040b04d37c856fef4a8194ba7b3d
321互动吧	20250808西方文明：真雅典假耶路撒冷.pdf	24	5dace97347800f5b2861aca629cfef70e310df01905e1381210ae0d6dcc49cc5
321互动吧	20250809身体是SIO.pdf	21	4b96964458b111acaa97230f22f1b33628a81f23758a29b38a16fffa95f85496
321互动吧	20250811《真理与良知的实践发生学》.pdf	21	d5f20defdf37714b5f49713dc5f2b5d6715c3fc60c76e8c59a4f63c9f21d1f1d
321互动吧	20250812中医创新的起点：体质发生学革命.pdf	19	430379984c2cb3c981a69025bf384a553076a47e5fe4f402006684cf778cd027
321互动吧	20250813何谓管理？.pdf	34	6633c69ea673dd1735f368ed6724928a88ccf7a52426b6cbdb80e3de7914ded8
321互动吧	20250815科学的SIO发生学.pdf	28	0811d0de696c85158354d1590b875acc21fe7e0c700f9f50485d9a0fe34f9b41
321互动吧	20250816《科学想象三原理》.pdf	26	a896bcbed0ccbc6908888a553012f50c1c404a4bdd1b7f4c33756d42e2f98152
321互动吧	20250817意识的三律发生原理.pdf	15	dbc0a13a02df9b749a1a54e6db6a2b1c7b2314eba012d382c43831950bf7da26
321互动吧	20250819意义商品发生学.pdf	38	afd4d04303a36df60c9642fdc7f823318d91ca1916ed1b9d02ad3d111ae59fbd
321互动吧	20250820贫穷与富有的新义.pdf	32	151364651d6bf6fbb02c0784608492766edeca6ab74c98c900fb28afbce367b9
321互动吧	20250821三律技术治理学：从堕落到救赎.pdf	54	9af408cbad5ae838544851c771a799d8a03dc879d6c7a555f8ffb3d84f9d78b8
321互动吧	20250823语言发生学入门（上）.pdf	59	f7b2ff0c87e92e9c85140cf0461340b42e4ee6260713cc8f9993eb07dfeafcde
321互动吧	20250823语言发生学入门（下）.pdf	68	3a49e8810ebace30586c0364c886d9219806967ac1e0e3fd6c8a67becf60cf38
321互动吧	20250824道德伦理发生学入门.pdf	26	08f30174e3f06f4ed10816a4022803c6475c239c584fd3bed0c46fd31b551acc
321互动吧	20250825管理四大职能的三律发生学解构.pdf	34	f3313a3c204d357d11777e46da705a0e661611ebfc734be1255073f0051f2e08
321互动吧	20250826《自由和责任的三律解构》.pdf	38	787acb57edd65a45239a3fdb16c67fa5db60786be4ec40173a26ba3a2bfe5051
321互动吧	20250827《善的自由律发生学三原理》.pdf	46	6d862e5d325ac09bd6c097940ea511cec71ac64606433681bda3a111b5f1c039
321互动吧	20250827《自由与自然的三律解构》.pdf	39	533163bf5b6717e589560267bc5e9096a5bbbd480f8e178caa70d2c2120016c4
321互动吧	20250828幸福科学的诞生.pdf	22	d781b2c5e94fa3d1e0e90cc9fe6db24e5b647720f626d611cd74d226b1e260c9
321互动吧	20250830兴趣发生学与成瘾治疗.pdf	40	1f92b5afe7689505ff251d1a3788172132337f329d4eabab98c858f4939892c8
321互动吧	20250831《创造力心理学三内核揭秘》.pdf	57	d6ebb50d3f288bff6fa21b3d25be9aefc1e3f4b45b750717473b82bd2544efa8
321互动吧	20250901人本心理学的三律解构与抑郁文明的诞生.pdf	19	2fc11cb504b514a1bc847ddfc0666333dd342c37d9f7f0df3eb99aaa1c3b8463
321互动吧	20250909科学方法论：从辩证法到SIO三逻辑.pdf	26	e3118947f72afa2c2dd13003d2c4b0a9f58eeb63993a480e2d85b11f91ae8ebe
321互动吧	20250910艺术三内核的特征纠缠解构.pdf	52	eafb415088157298eaa620d7d7fef3bcf061706afbaaf1ee7a9b1bbcf8dc84dc
